LE1 Data Products;https://euclid.esac.esa.int/msp/dpdd/live/le1dpd/le1index.html
SIM Data Products;https://euclid.esac.esa.int/msp/dpdd/live/simdpd/simindex.html
VIS Data Products;https://euclid.esac.esa.int/msp/dpdd/live/visdpd/visindex.html
NIR Data Products;https://euclid.esac.esa.int/msp/dpdd/live/nirdpd/nirindex.html
SIR Data Products;https://euclid.esac.esa.int/msp/dpdd/live/sirdpd/sirindex.html
EXT Data Products;https://euclid.esac.esa.int/msp/dpdd/live/extdpd/extindex.html
MER Data Products;https://euclid.esac.esa.int/msp/dpdd/live/merdpd/merindex.html
PHZ Data Products;https://euclid.esac.esa.int/msp/dpdd/live/phzdpd/phzindex.html
SPE Data Products;https://euclid.esac.esa.int/msp/dpdd/live/spedpd/speindex.html
SHE Data Products;https://euclid.esac.esa.int/msp/dpdd/live/shedpd/sheindex.html
LE3 Data Products;https://euclid.esac.esa.int/msp/dpdd/live/le3dpd/le3index.html
DQC Data Products;https://euclid.esac.esa.int/msp/dpdd/live/dqcdpd/dqcindex.html
SOC Data Products;https://euclid.esac.esa.int/msp/dpdd/live/socdpd/socindex.html
IOT Data Products;https://euclid.esac.esa.int/msp/dpdd/live/iotdpd/iotindex.html
